{
  "geometry": {
    "n_steps": 4,
    "width": 2.5,
    "depth": 0.3,
    "height": 0.18
  },
  "point_counts": {
    "tread": 12800,
    "riser": 4800,
    "other": 733,
    "total": 18333
  },
  "tread_metrics": {
    "RANSAC": {
      "accuracy": 0.6805214640266186,
      "precision": 0.7141447165504904,
      "recall": 0.904453125,
      "f1": 0.7981110613215677,
      "iou": 0.6640472639669611
    },
    "PCA-Normals": {
      "accuracy": 0.9008891070746741,
      "precision": 0.9541056809724634,
      "recall": 0.90140625,
      "f1": 0.9270075924958824,
      "iou": 0.8639460876076376
    },
    "DBSCAN-Slope": {
      "accuracy": 0.9195985381552392,
      "precision": 0.936421085080148,
      "recall": 0.949296875,
      "f1": 0.9428150217256362,
      "iou": 0.8918165137614679
    },
    "Height-Histogram": {
      "accuracy": 0.8269786723394971,
      "precision": 0.8093432720729983,
      "recall": 0.983984375,
      "f1": 0.888160214371342,
      "iou": 0.7988203209234477
    }
  },
  "overall_accuracy": {
    "RANSAC": 0.6665030273277696,
    "PCA-Normals": 0.8342878961435662,
    "DBSCAN-Slope": 0.9094528991436208,
    "Height-Histogram": 0.8159057437407953
  },
  "height_peaks": [
    0.0035,
    0.1826,
    0.3616,
    0.5407
  ],
  "noise_sweep": {
    "sigma_z": [
      0.01,
      0.02,
      0.03,
      0.04,
      0.05,
      0.07
    ],
    "f1": [
      0.9556028643313335,
      0.9270075924958824,
      0.8571551501591945,
      0.7575515572884859,
      0.667070707070707,
      0.5430521911473244
    ],
    "iou": [
      0.9149803572752205,
      0.8639460876076376,
      0.7500188238837437,
      0.6097247428917121,
      0.5004546832373447,
      0.37273276904474
    ]
  }
}